1 hits for: "stuart_powell_field" OR "kdvk" OR "stuart powell field"
10 hits for: "corbinspeedway" OR "corbin speedway" OR "c. speedway" OR "speedway, corbin" OR "speedway, c."
8 hits for: "idsia"
0 hits for: "corn_belt_power_cooperative" OR "the corn belt power cooperative" OR "corn belt power cooperative"
1 hits for: "fargo-moorhead_symphony_orchestra" OR "fargo-moorhead symphony orchestra"
4 hits for: "fargo_air_museum" OR "fargo airplane museum" OR "fargo air museum"
216 hits for: "hjemkomst_center" OR "hjemkomst center" OR "h. center" OR "center, hjemkomst" OR "center, h."
4 hits for: "john_d._odegard_school_of_aerospace_sciences" OR "john d odegard school of aerospace sciences" OR "jdosas" OR "john d. odegard school of aerospace sciences"
10 hits for: "red_river_zoo" OR "red river zoo"
3 hits for: "star_lite_motel" OR "charley's motel" OR "star lite motel" OR "c. motel" OR "motel, charley's" OR "motel, c."
16 hits for: "elysian_charter_school" OR "joanna weintraub" OR "elysian charter school of hoboken" OR "elysian charter school" OR "j. weintraub" OR "weintraub, joanna" OR "weintraub, j."
3 hits for: "stevens_cooperative_school" OR "zoe hauser" OR "stevens cooperative school" OR "z. hauser" OR "hauser, zoe" OR "hauser, z."
27 hits for: "weehawken_cove" OR "north hoboken harbor" OR "hoboken's inner harbor" OR "hoboken cove" OR "weehawken cove (north hoboken harbor)" OR "weehawken cove" OR "h. cove" OR "cove, hoboken" OR "cove, h." OR "w. cove" OR "cove, weehawken" OR "cove, w."
0 hits for: "copper_basin_railway" OR "copper basin railway"
0 hits for: "hayden_smelter" OR "hayden smelter" OR "h. smelter" OR "smelter, hayden" OR "smelter, h."
5 hits for: "lewis_and_clark_landing" OR "lewis & clark landing" OR "lewis and clark landing"
82 hits for: "toquepala_mine" OR "toquepala mine" OR "t. mine" OR "mine, toquepala" OR "mine, t."
197199 hits for: "appleton_museum_of_art" OR "appleton museum" OR "appleton museum of art" OR "arthur i. appleton" OR "appleton museum of art" OR "a. museum" OR "museum, appleton" OR "museum, a."
9 hits for: "don_garlits_museum_of_drag_racing" OR "don garlits museum of drag racing"
0 hits for: "eighth_street_elementary_school" OR "eighth street elementary school"
0 hits for: "lake_weir_high_school" OR "lake weir high school"
4 hits for: "marion_technical_institute" OR "life at mti" OR "marion technical institute"
3 hits for: "osceola_middle_school" OR "osceola middle school"
0 hits for: "the_ritz_apartment_(ocala,_florida)" OR "the ritz apartment (ocala, florida)"
1 hits for: "great_american_brass_band_festival" OR "great american brass band festival"
50138 hits for: "innovis_health" OR "innovis health" OR "i. health" OR "health, innovis" OR "health, i."
59 hits for: "hoboken_reporter" OR "the hoboken reporter" OR "hoboken reporter" OR "h. reporter" OR "reporter, hoboken" OR "reporter, h."
5 hits for: "hoboken_volunteer_ambulance_corps" OR "hoboken volunteer ambulance corps"
6 hits for: "basic_element_(company)" OR "basic element group" OR "basic element (corp)" OR "basic element (company)"
0 hits for: "basic_element_(music_group)" OR "basic element (music group)"
3 hits for: "agroindustrial_pomalca" OR "agroindustrial pomalca" OR "a. pomalca" OR "pomalca, agroindustrial" OR "pomalca, a."
4 hits for: "atacocha"
1968566 hits for: "austral_group" OR "austral group" OR "a. group" OR "group, austral" OR "group, a."
38 hits for: "cementos_lima" OR "cementos lima" OR "c. lima" OR "lima, cementos" OR "lima, c."
14 hits for: "dunkelvolk"
0 hits for: "gran%c3%a3_y_montero" OR "grana y montero" OR "gran%c3%a3 y montero"
0 hits for: "intergroup_financial_services" OR "intergroup financial services"
0 hits for: "luz_del_sur" OR "luz del sur"
15 hits for: "simsa"
0 hits for: "scotiabank_per%c3%ba" OR "scotiabank per%c3%ba" OR "s. per%c3%ba" OR "per%c3%ba, scotiabank" OR "per%c3%ba, s."
227 hits for: "blossomcoffee" OR "blossom coffee" OR "b. coffee" OR "coffee, blossom" OR "coffee, b."
8 hits for: "frankandoak" OR "frankand oak" OR "f. oak" OR "oak, frankand" OR "oak, f."
0 hits for: "gandbcoffee" OR "gand bcoffee" OR "g. bcoffee" OR "bcoffee, gand" OR "bcoffee, g."
138 hits for: "wcoffeeresearch" OR "wcoffee research" OR "w. research" OR "research, wcoffee" OR "research, w."
0 hits for: "evvnt"
90 hits for: "benjamin_bronfman" OR "ben brewer" OR "benjamin bronfman" OR "b. brewer" OR "brewer, ben" OR "brewer, b." OR "b. bronfman" OR "bronfman, benjamin" OR "bronfman, b."
33 hits for: "charles_bronfman" OR "charles rosner bronfman" OR "charles rosner bronfman, pc, cc" OR "charles bronfman" OR "c. bronfman" OR "bronfman, charles" OR "bronfman, c."
29 hits for: "clare_bronfman" OR "clare bronfman" OR "c. bronfman" OR "bronfman, clare" OR "bronfman, c."
245 hits for: "edgar_bronfman,_jr." OR "edgar bronfman jr" OR "edgar bronfman jr." OR "edgar bronfman, jr."
154 hits for: "edgar_bronfman,_sr." OR "edgar bronfman sr" OR "edgar m. bronfman" OR "edgar bronfman sr." OR "edgar miles bronfman" OR "edgar miles bronfman, sr." OR "edgar miles bronfman sr." OR "edgar bronfman, sr."
48 hits for: "phyllis_lambert" OR "phyllis barbara lambert" OR "phyllis barbara lambert, cc, goq, oal, fraic, frsc, rca" OR "phyllis lambert" OR "p. lambert" OR "lambert, phyllis" OR "lambert, p."
33 hits for: "sara_bronfman" OR "sara bronfman" OR "s. bronfman" OR "bronfman, sara" OR "bronfman, s."
1237 hits for: "deanne_smith" OR "deanne smith" OR "de anne_smith" OR "d. smith" OR "smith, deanne" OR "smith, d." OR "d. anne_smith" OR "anne_smith, de" OR "anne_smith, d."
29 hits for: "ronfunches" OR "ron funches" OR "r. funches" OR "funches, ron" OR "funches, r."
4 hits for: "roryscovel"
0 hits for: "alexjohamilton" OR "alex jo hamilton"
16 hits for: "bobstovall" OR "bob stovall" OR "b. stovall" OR "stovall, bob" OR "stovall, b."
0 hits for: "robcaud" OR "rob caud" OR "r. caud" OR "caud, rob" OR "caud, r."
0 hits for: "danvillekyengr"
0 hits for: "tonyg203"
0 hits for: "urbren00"
1 hits for: "geoffrey_e._hinton" OR "geoffrey e. hinton"
50 hits for: "l%c3%a9on_bottou" OR "leon bottou" OR "l%c3%a9on bottou" OR "l. bottou" OR "bottou, leon" OR "bottou, l." OR "bottou, l%c3%a9on"
38 hits for: "yann_lecun" OR "yann le cun" OR "yann lecun" OR "yann_le cun" OR "y. lecun" OR "lecun, yann" OR "lecun, y." OR "y. cun" OR "cun, yann_le" OR "cun, y."
90 hits for: "zoubin_ghahramani" OR "zoubin ghahramani" OR "z. ghahramani" OR "ghahramani, zoubin" OR "ghahramani, z."
0 hits for: "blair_thoreson" OR "blair b. thoreson" OR "blair thoreson" OR "b. thoreson" OR "thoreson, blair" OR "thoreson, b."
22 hits for: "brenda_weiler" OR "brenda weiler" OR "brenda weiler" OR "b. weiler" OR "weiler, brenda" OR "weiler, b." OR "b. weiler" OR "weiler, brenda" OR "weiler, b."
0 hits for: "carey_mcwilliams_(marksman)" OR "carey mcwilliams (marksman)" OR "carey_mc williams_(marksman)" OR "c. williams_(marksman)" OR "williams_(marksman), carey_mc" OR "williams_(marksman), c."
55 hits for: "clark_blaise" OR "clark blaise" OR "c. blaise" OR "blaise, clark" OR "blaise, c."
1 hits for: "daniel_j._crothers" OR "daniel crothers" OR "daniel john crothers" OR "daniel j. crothers" OR "d. crothers" OR "crothers, daniel" OR "crothers, d."
22 hits for: "danny_irmen" OR "danny irmen" OR "d. irmen" OR "irmen, danny" OR "irmen, d."
0 hits for: "david_b._danbom" OR "why americans value rural life" OR "david danbom" OR "david b. danbom" OR "d. danbom" OR "danbom, david" OR "danbom, d."
4 hits for: "drew_wrigley" OR "drew wrigley" OR "d. wrigley" OR "wrigley, drew" OR "wrigley, d."
30 hits for: "ed_bok_lee" OR "ed bok lee"
0 hits for: "fargo_moorhead_derby_girls" OR "fargo moorehead derby girls" OR "fargo-moorhead derby girls" OR "fargo moorhead derby girls"
8 hits for: "george_sinner" OR "george a. sinner" OR "george sinner" OR "g. sinner" OR "sinner, george" OR "sinner, g."
170 hits for: "gretchen_hoffman" OR "gretchen hoffman" OR "g. hoffman" OR "hoffman, gretchen" OR "hoffman, g."
42 hits for: "jamie_parsley" OR "jamie parsley" OR "j. parsley" OR "parsley, jamie" OR "parsley, j."
251 hits for: "jasper_schneider" OR "jasper schneider" OR "j. schneider" OR "schneider, jasper" OR "schneider, j."
0 hits for: "jeff_severson" OR "jeff severson" OR "j. severson" OR "severson, jeff" OR "severson, j."
39 hits for: "jennifer_baumgardner" OR "jennifer baumgardner" OR "j. baumgardner" OR "baumgardner, jennifer" OR "baumgardner, j."
4 hits for: "jim_poolman" OR "jim poolman" OR "j. poolman" OR "poolman, jim" OR "poolman, j."
0 hits for: "john_h._lang" OR "john h. lang"
0 hits for: "joshua_boschee" OR "josh boschee" OR "joshua boschee" OR "j. boschee" OR "boschee, josh" OR "boschee, j." OR "boschee, joshua"
6 hits for: "ken_fowler" OR "ken fowler" OR "k. fowler" OR "fowler, ken" OR "fowler, k."
0 hits for: "keri_hehn" OR "keri hehn" OR "k. hehn" OR "hehn, keri" OR "hehn, k."
17 hits for: "olaus_murie" OR "olaus johan murie" OR "olaus murie" OR "o. murie" OR "murie, olaus" OR "murie, o."
12 hits for: "paul_johnsgard" OR "paul johnsgard" OR "p. johnsgard" OR "johnsgard, paul" OR "johnsgard, p."
14 hits for: "paul_marquart" OR "paul marquart" OR "p. marquart" OR "marquart, paul" OR "marquart, p."
32 hits for: "richard_edlund" OR "richard edlund" OR "r. edlund" OR "edlund, richard" OR "edlund, r."
0 hits for: "richard_w._goldberg" OR "richard w. goldberg"
26 hits for: "susan_krieg" OR "susan krieg" OR "s. krieg" OR "krieg, susan" OR "krieg, s."
0 hits for: "william_p._gerberding" OR "william p. gerberding"
181 hits for: "ana%c3%afs_croze" OR "anaïs croze" OR "anais croze" OR "anais croze" OR "anaïs croz" OR "ana%c3%afs croze" OR "a. croze" OR "croze, anaïs" OR "croze, a." OR "croze, anais" OR "a. croze" OR "croze, anais" OR "croze, a." OR "a. croz" OR "croz, anaïs" OR "croz, a." OR "croze, ana%c3%afs"
0 hits for: "gwena%c3%ablle_aubry" OR "gwenaelle aubry" OR "gwena%c3%ablle aubry" OR "g. aubry" OR "aubry, gwenaelle" OR "aubry, g." OR "aubry, gwena%c3%ablle"
1 hits for: "nicolas_sch%c3%b6ffer" OR "nicolas schoffer" OR "nicolas schoeffer" OR "nicolas sch%c3%b6ffer" OR "n. schoffer" OR "schoffer, nicolas" OR "schoffer, n." OR "n. schoeffer" OR "schoeffer, nicolas" OR "schoeffer, n." OR "n. sch%c3%b6ffer" OR "sch%c3%b6ffer, nicolas" OR "sch%c3%b6ffer, n."
22 hits for: "th%c3%a9o_mercier" OR "theo mercier" OR "th%c3%a9o mercier" OR "t. mercier" OR "mercier, theo" OR "mercier, t." OR "mercier, th%c3%a9o"
6 hits for: "chiara_nappi" OR "chiara nappi" OR "chiara nappi" OR "c. nappi" OR "nappi, chiara" OR "nappi, c." OR "c. nappi" OR "nappi, chiara" OR "nappi, c."
95 hits for: "eva_silverstein" OR "eva silverstein" OR "e. silverstein" OR "silverstein, eva" OR "silverstein, e."
10 hits for: "matt_witten" OR "matt witten" OR "m. witten" OR "witten, matt" OR "witten, m."
186 hits for: "shamit_kachru" OR "shamit kachru" OR "s. kachru" OR "kachru, shamit" OR "kachru, s."
14 hits for: "angelo_savoldi" OR "angelo savoldi" OR "a. savoldi" OR "savoldi, angelo" OR "savoldi, a."
162 hits for: "bernard_kenny" OR "bernard f. kenny" OR "bernard f. kenny, jr." OR "bernard kenny, jr." OR "bernard kenny" OR "b. kenny" OR "kenny, bernard" OR "kenny, b."
29 hits for: "bob_bert" OR "harshing my mellow (album)" OR "bewitched (american band)" OR "robert bertelli" OR "bob bert" OR "r. bertelli" OR "bertelli, robert" OR "bertelli, r." OR "b. bert" OR "bert, bob" OR "bert, b."
0 hits for: "carl_chang_(tennis)" OR "carl chang (tennis player)" OR "carl chang (tennis)"
92 hits for: "carla_katz" OR "carla a. katz" OR "carla katz" OR "c. katz" OR "katz, carla" OR "katz, c."
15 hits for: "derrick_alston" OR "derrick alston" OR "d. alston" OR "alston, derrick" OR "alston, d."
26 hits for: "frank_winters" OR "frank winters" OR "f. winters" OR "winters, frank" OR "winters, f."
50 hits for: "henry_gutierrez" OR "hendrig gutierrez" OR "henry gutierrez" OR "h. gutierrez" OR "gutierrez, hendrig" OR "gutierrez, h." OR "gutierrez, henry"
0 hits for: "jack_lazorko" OR "jack lazorko" OR "j. lazorko" OR "lazorko, jack" OR "lazorko, j."
29 hits for: "jeff_tamarkin" OR "jeff tamarkin" OR "j. tamarkin" OR "tamarkin, jeff" OR "tamarkin, j."
0 hits for: "joanne_borgella" OR "joanne borgella" OR "j. borgella" OR "borgella, joanne" OR "borgella, j."
17 hits for: "ken_freedman" OR "ken freedman" OR "ken freedman" OR "k. freedman" OR "freedman, ken" OR "freedman, k." OR "k. freedman" OR "freedman, ken" OR "freedman, k."
0 hits for: "klaus_grutzka" OR "klaus grutzka" OR "k. grutzka" OR "grutzka, klaus" OR "grutzka, k."
9 hits for: "mark_safranko" OR "mark safranko" OR "mark_sa franko" OR "m. safranko" OR "safranko, mark" OR "safranko, m." OR "m. franko" OR "franko, mark_sa" OR "franko, m."
20 hits for: "maurice_fitzgibbons" OR "maurice fitzgibbons" OR "m. fitzgibbons" OR "fitzgibbons, maurice" OR "fitzgibbons, m."
0 hits for: "pat_dapuzzo" OR "pat dapuzzo" OR "p. dapuzzo" OR "dapuzzo, pat" OR "dapuzzo, p."
4 hits for: "ruben_j._ramos" OR "ruben j. ramos"
4 hits for: "tilo_rivas" OR "tilo e. rivas" OR "tilo rivas" OR "t. rivas" OR "rivas, tilo" OR "rivas, t."
0 hits for: "william_h._miller_(writer)" OR "mr. ocean liner" OR "william h. miller (writer)"
99322 hits for: "aharon_barak" OR "aaron barak" OR "אהרן ברק" OR "aharon brick" OR "aharon barak" OR "a. barak" OR "barak, aaron" OR "barak, a." OR "א. ברק" OR "ברק, אהרן" OR "ברק, א." OR "a. brick" OR "brick, aharon" OR "brick, a." OR "barak, aharon"
2929 hits for: "alex_kapranos" OR "alex krapranos" OR "alexander kapranos" OR "alex kapranas" OR "alex huntley" OR "alex kapranos" OR "a. krapranos" OR "krapranos, alex" OR "krapranos, a." OR "a. kapranos" OR "kapranos, alexander" OR "kapranos, a." OR "a. kapranas" OR "kapranas, alex" OR "kapranas, a." OR "a. huntley" OR "huntley, alex" OR "huntley, a." OR "kapranos, alex"
452 hits for: "alexander_mccall_smith" OR "alexander mccall smith" OR "the 44 scotland street series" OR "alexander mccoll smith" OR "alexander mc coll smith" OR "alexander mccall smith" OR "alexander_mc call_smith" OR "a. call_smith" OR "call_smith, alexander_mc" OR "call_smith, a."
154 hits for: "annie_laurie_gaylor" OR "annie laurie gaylor"
28 hits for: "bill_coen" OR "bill coen" OR "b. coen" OR "coen, bill" OR "coen, b."
21 hits for: "boris_berezovsky_(businessman)" OR "platon elenin" OR "boris abramovich berezovsky" OR "boris berezhovsky" OR "boris a. berezovsky" OR "death of boris berezovsky" OR "boris berezovsky (businessman)" OR "p. elenin" OR "elenin, platon" OR "elenin, p." OR "b. berezhovsky" OR "berezhovsky, boris" OR "berezhovsky, b."
0 hits for: "boris_berezovsky_(pianist)" OR "boris berezovsky (violinist)" OR "boris vadimovich berezovsky" OR "boris berezovsky (pianist)"
717 hits for: "charlie_savage" OR "charlie savage" OR "charlie savage" OR "c. savage" OR "savage, charlie" OR "savage, c." OR "c. savage" OR "savage, charlie" OR "savage, c."
3264 hits for: "darren_rowse" OR "problogger.com" OR "pro blogger.com" OR "problogger" OR "pro blogger" OR "darren rowse" OR "p. blogger.com" OR "blogger.com, pro" OR "blogger.com, p." OR "p. blogger" OR "blogger, pro" OR "blogger, p." OR "d. rowse" OR "rowse, darren" OR "rowse, d."
496 hits for: "douglas_carswell" OR "john douglas wilson carswell" OR "douglas carswell" OR "d. carswell" OR "carswell, douglas" OR "carswell, d."
0 hits for: "frederick_m._lawrence" OR "frederick m. lawrence"
53 hits for: "ikuhisa_minowa" OR "minowaman" OR "ikuhisa" OR "ikuhisa minowa" OR "i. minowa" OR "minowa, ikuhisa" OR "minowa, i."
79 hits for: "james_mccartney" OR "james louis mccartney" OR "james louis mc cartney" OR "james mccartney" OR "james mccartney" OR "james_mc cartney" OR "j. mccartney" OR "mccartney, james" OR "mccartney, j." OR "j. mccartney" OR "mccartney, james" OR "mccartney, j." OR "j. cartney" OR "cartney, james_mc" OR "cartney, j."
10 hits for: "jim_steyer" OR "james p. steyer" OR "jim steyer" OR "j. steyer" OR "steyer, jim" OR "steyer, j."
104 hits for: "lisa_bloom" OR "lisa bloom" OR "l. bloom" OR "bloom, lisa" OR "bloom, l."
31 hits for: "lovebug_starski" OR "love bug starski" OR "lovebug starsky" OR "love bug starsky" OR "lovebug starski" OR "l. starsky" OR "starsky, lovebug" OR "starsky, l." OR "l. starski" OR "starski, lovebug" OR "starski, l."
7 hits for: "mario_garnero" OR "mario garnero" OR "m. garnero" OR "garnero, mario" OR "garnero, m."
338 hits for: "masaru_emoto" OR "dr. emoto" OR "dr. masaru emoto" OR "dr emoto" OR "dr masaru emoto" OR "doctor emoto" OR "doctor masaru emoto" OR "masoru emoto" OR "江本勝" OR "water experiment" OR "masaru emoto" OR "d. emoto" OR "emoto, dr." OR "emoto, d." OR "d. emoto" OR "emoto, dr" OR "emoto, d." OR "emoto, doctor" OR "m. emoto" OR "emoto, masoru" OR "emoto, m." OR "w. experiment" OR "experiment, water" OR "experiment, w." OR "emoto, masaru"
979 hits for: "nassim_nicholas_taleb" OR "nero tulip" OR "nassim nicholas taleb" OR "nassim taleb" OR "nassim taleb" OR "nicholas taleb" OR "nicholas nassim taleb" OR "nasim taleb" OR "anti-fragility" OR "antifragility" OR "nassim nicholas taleb" OR "n. tulip" OR "tulip, nero" OR "tulip, n." OR "n. taleb" OR "taleb, nassim" OR "taleb, n." OR "n. taleb" OR "taleb, nassim" OR "taleb, n." OR "taleb, nicholas" OR "taleb, nasim"
19 hits for: "rodrigo_pimentel" OR "rodrigo pimentel" OR "r. pimentel" OR "pimentel, rodrigo" OR "pimentel, r."
3 hits for: "roustam_tariko" OR "rustam tariko" OR "roustam tariko" OR "r. tariko" OR "tariko, rustam" OR "tariko, r." OR "tariko, roustam"
429 hits for: "ruth_rendell" OR "barbara vine" OR "ruth barbara rendell" OR "ruth barbara rendell, baroness rendell of babergh" OR "baroness rendell" OR "lady rendell" OR "ruth rendall" OR "baroness rendell of babergh" OR "the reason why: an anthology of the murderous mind" OR "ruth rendell, baroness rendell of babergh" OR "ruth rendell" OR "b. vine" OR "vine, barbara" OR "vine, b." OR "b. rendell" OR "rendell, baroness" OR "rendell, b." OR "l. rendell" OR "rendell, lady" OR "rendell, l." OR "r. rendall" OR "rendall, ruth" OR "rendall, r." OR "r. rendell" OR "rendell, ruth" OR "rendell, r."
94 hits for: "satoshi_ishii" OR "satoshi ishii" OR "s. ishii" OR "ishii, satoshi" OR "ishii, s."
28 hits for: "vladimir_potanin" OR "vladimir potanin" OR "v. potanin" OR "potanin, vladimir" OR "potanin, v."
965 hits for: "william_cohen" OR "william s. cohen" OR "bill cohen" OR "william sebastian cohen" OR "cohen, william sebastian" OR "sebastian cohen" OR "william s cohen" OR "william cohen" OR "b. cohen" OR "cohen, bill" OR "cohen, b." OR "s. cohen" OR "cohen, sebastian" OR "cohen, s." OR "w. cohen" OR "cohen, william" OR "cohen, w."
2281 hits for: "william_d._cohan" OR "william cohan" OR "cohan, william" OR "william d. cohan" OR "w. cohan" OR "cohan, w." OR "c. william" OR "william, cohan," OR "william, c."
49 hits for: "william_h._gates,_sr" OR "william h. gates, sr"
129041 hits for: "buddy_mackay" OR "buddy mackay, jr." OR "buddy mac kay, jr." OR "kenneth hood mackay, jr." OR "kenneth hood mac kay, jr." OR "buddy mackay, jr." OR "kenneth h. mackay" OR "kenneth h. mac kay" OR "kenneth h. mackay, jr." OR "kenneth h. mac kay, jr." OR "kenneth hood "buddy" mackay, jr." OR "kenneth hood "buddy" mac kay, jr." OR "kenneth hood mackay" OR "kenneth hood mac kay" OR "kenneth mackay" OR "kenneth mac kay" OR "kenneth mackay, jr." OR "kenneth mac kay, jr." OR "buddy mackay" OR "buddy mckay" OR "buddy mc kay" OR "buddy mackay" OR "buddy_mac kay" OR "k. mackay" OR "mackay, kenneth" OR "mackay, k." OR "b. mackay" OR "mackay, buddy" OR "mackay, b." OR "b. mckay" OR "mckay, buddy" OR "mckay, b." OR "b. mackay" OR "mackay, buddy" OR "mackay, b." OR "b. kay" OR "kay, buddy_mac" OR "kay, b."
3 hits for: "chuck_pankow" OR "chuck pankow" OR "c. pankow" OR "pankow, chuck" OR "pankow, c."
0 hits for: "haven_denney" OR "haven denney" OR "h. denney" OR "denney, haven" OR "denney, h."
91 hits for: "jeremy_mckinnon" OR "jeremy mckinnon" OR "jeremy_mc kinnon" OR "j. mckinnon" OR "mckinnon, jeremy" OR "mckinnon, j." OR "j. kinnon" OR "kinnon, jeremy_mc" OR "kinnon, j."
2 hits for: "joey_mantia" OR "joey mantia" OR "j. mantia" OR "mantia, joey" OR "mantia, j."
656 hits for: "judd_davis" OR "judd davis" OR "judd davis" OR "j. davis" OR "davis, judd" OR "davis, j." OR "j. davis" OR "davis, judd" OR "davis, j."
0 hits for: "lorenzo_williams_(basketball)" OR "lorenzo williams (basketball)"
2 hits for: "randy_ewers" OR "randy ewers" OR "r. ewers" OR "ewers, randy" OR "ewers, r."
60 hits for: "reid_nichols" OR "thomas reid nichols" OR "reid nichols" OR "r. nichols" OR "nichols, reid" OR "nichols, r."
10 hits for: "scot_brantley" OR "scot brantley" OR "s. brantley" OR "brantley, scot" OR "brantley, s."
55 hits for: "sean_hampton" OR "sean hampton" OR "s. hampton" OR "hampton, sean" OR "hampton, s."
14 hits for: "travis_mays" OR "travis mays" OR "t. mays" OR "mays, travis" OR "mays, t."
0 hits for: "bartowmcdonald" OR "bartow mc donald"
0 hits for: "kentguinn4mayor" OR "kent guinn4mayor" OR "k. guinn4mayor" OR "guinn4mayor, kent" OR "guinn4mayor, k."
0 hits for: "bobplaisted"
0 hits for: "redmondmusic"
0 hits for: "sandrafriend"
4 hits for: "joshua_zetumer" OR "joshua zetumer" OR "j. zetumer" OR "zetumer, joshua" OR "zetumer, j."
12 hits for: "missmarcel" OR "miss marcel" OR "m. marcel" OR "marcel, miss" OR "marcel, m."
46 hits for: "barbara_liskov" OR "barbara h. liskov" OR "liskov" OR "barbara huberman liskov" OR "barbara jane huberman" OR "barbara jane liskov" OR "barbara liskov" OR "b. liskov" OR "liskov, barbara" OR "liskov, b."
326 hits for: "fernando_j._corbat%c3%b3" OR "fernando corbató" OR "fernando j. corbato" OR "fernando corbato" OR "corbato's law" OR "corbató's law" OR "fernando j. corbat%c3%b3" OR "f. corbató" OR "corbató, fernando" OR "corbató, f." OR "f. corbato" OR "corbato, fernando" OR "corbato, f." OR "c. law" OR "law, corbato's" OR "law, c." OR "law, corbató's"
21 hits for: "juris_hartmanis" OR "hartmanis" OR "juris hartmanis" OR "j. hartmanis" OR "hartmanis, juris" OR "hartmanis, j."
29 hits for: "shafi_goldwasser" OR "shafrira goldwasser" OR "shafi goldwasser" OR "s. goldwasser" OR "goldwasser, shafrira" OR "goldwasser, s." OR "goldwasser, shafi"
[0m[[32msuccess[0m] [0mTotal time: 740 s, completed Aug 7, 2013 5:46:13 PM[0m
> 